anomaly_type,anomaly_count,code_count,p1_count,p2_count,p3_count,p4_count,planned_shares_sum,actual_shares_sum,share_gap_sum,planned_notional_sum,actual_notional_sum,notional_gap_sum,avg_execution_ratio,avg_position_deviation_pct,avg_slippage_pct,max_priority_score
方向执行异常,1,1,1,0,0,0,900.0,900.0,0.0,18900.0,18900.0,0.0,1.0,0.0,0.0,95
非系统交易,1,1,1,0,0,0,0.0,800.0,800.0,0.0,14880.000000000002,14880.000000000002,,,,94
手工临时交易,1,1,1,0,0,0,0.0,600.0,600.0,0.0,14100.0,14100.0,,,,92
委托未成交,1,1,1,0,0,0,2000.0,0.0,2000.0,16400.0,0.0,16400.0,0.0,1.0,,90
计划漏发,1,1,1,0,0,0,1200.0,0.0,1200.0,15000.0,0.0,15000.0,,,,90
仓位执行偏差,2,2,0,1,1,0,2000.0,1600.0,800.0,27000.0,20400.0,11400.0,0.8,0.3999999999999999,0.0,82
部分成交,1,1,0,0,1,0,1000.0,400.0,600.0,15000.0,6000.0,9000.0,0.4,0.6,0.0,78
价格滑点超阈值,1,1,0,0,1,0,1000.0,1000.0,0.0,10000.0,10300.0,300.0,1.0,0.0,0.03,74
